<?xml version="1.0" encoding="UTF-8"?>

<!-- ======= #23. tiles 레이아웃 설정하기 ======= -->

<!DOCTYPE tiles-definitions PUBLIC
       "-//Apache Software Foundation//DTD Tiles Configuration 2.1//EN"
       "http://tiles.apache.org/dtds/tiles-config_2_1.dtd">
       
<tiles-definitions>
<!-- tiles를 사용하는 레이아웃 설정 시작 (header, content, footer)-->
<definition name="layout-tiles1" template="/WEB-INF/tiles/layout/layout-tiles1.jsp"> <!-- 어떻게 꾸밀것인가, template = 골격이 어떻게되어있냐 -->
	<put-attribute name="header"  value ="/WEB-INF/tiles/tile1/header.jsp" /> <!-- layout-tiles1 헤더에 꽂아준다. -->
	<put-attribute name="content" value ="" />
	<put-attribute name="footer"  value ="/WEB-INF/tiles/tile1/footer.jsp" /> <!-- layout-tiles1 푸터에 꽂아준다. -->

</definition>

<!-- return "sample/test_select" 
	 return "department.tiles1"     	/WEB-INF/views/tiles1/department.jsp
	 return "sample/department.tiles1"  /WEB-INF/views/tiles1/sample/department.jsp {1}=sample {2}=department 
	  return "abc/sample/department.tiles1" /WEB-INF/views/tiles1/{1}/{2}/{3}.jsp 1=abc 2=sample 3=department 뷰단페이지 만들어라

-->
<definition name="*.tiles1" extends="layout-tiles1"> <!-- extend는 위의 name값을 상속 -->
      <put-attribute name="content" value="/WEB-INF/views/tiles1/{1}.jsp"/>
   </definition>
   <definition name="*/*.tiles1" extends="layout-tiles1">
      <put-attribute name="content" value="/WEB-INF/views/tiles1/{1}/{2}.jsp"/>
   </definition>
   <definition name="*/*/*.tiles1" extends="layout-tiles1">
      <put-attribute name="content" value="/WEB-INF/views/tiles1/{1}/{2}/{3}.jsp"/>
   </definition>







<!-- tiles를 사용하는 레이아웃 설정 시작 (header, content, sideinfo, footer)-->
<definition name="layout-tiles2" template="/WEB-INF/tiles/layout/layout-tiles2.jsp"> <!-- 어떻게 꾸밀것인가, template = 골격이 어떻게되어있냐 -->
	<put-attribute name="header"  value ="/WEB-INF/tiles/tile2/header.jsp" /> <!-- layout-tiles1 헤더에 꽂아준다. -->
	<put-attribute name="content" value ="" />
	<put-attribute name="sideinfo"  value ="/WEB-INF/tiles/tile2/sideinfo.jsp" /> <!-- layout-tiles1 sideinfo 꽂아준다. -->
	<put-attribute name="footer"  value ="/WEB-INF/tiles/tile2/footer.jsp" /> <!-- layout-tiles1 푸터에 꽂아준다. -->

</definition>

<!-- return "sample/test_select" 
	 return "department.tiles1"     	/WEB-INF/views/tiles2/department.jsp      {1}department
	 return "sample/department.tiles1"  /WEB-INF/views/tiles2/sample/department.jsp {1}=sample {2}=department 
	  return "abc/sample/department.tiles1" /WEB-INF/views/tiles2/{1}/{2}/{3}.jsp 1=abc 2=sample 3=department 뷰단페이지 만들어라
-->
<definition name="*.tiles2" extends="layout-tiles2"> <!-- extend는 위의 name값을 상속 -->
      <put-attribute name="content" value="/WEB-INF/views/tiles2/{1}.jsp"/>
   </definition>
   <definition name="*/*.tiles2" extends="layout-tiles2">
      <put-attribute name="content" value="/WEB-INF/views/tiles2/{1}/{2}.jsp"/>
   </definition>
   <definition name="*/*/*.tiles2" extends="layout-tiles2">
      <put-attribute name="content" value="/WEB-INF/views/tiles2/{1}/{2}/{3}.jsp"/>
   </definition>
</tiles-definitions>   