<?xml version="1.0" encoding="UTF-8"?>
 <beans xmlns="http://www.springframework.org/schema/beans"
    xmlns:xsi="http://www.w3.org/2001/XMLSchema-instance"
    xmlns:tx="http://www.springframework.org/schema/tx"
    xsi:schemaLocation="http://www.springframework.org/schema/beans http://www.springframework.org/schema/beans/spring-beans.xsd
		http://www.springframework.org/schema/tx http://www.springframework.org/schema/tx/spring-tx.xsd"> 
	
	<!-- Root Context: defines shared resources visible to all other web components -->
		
	<!-- ==== #15. myBatis(JDBC)설정 연결문자열 설정하기  ==== -->
   <bean id="dataSource" class="org.apache.commons.dbcp.BasicDataSource">
   <!-- id가 dataSource인 객체를 하나 생성한 것이다. 
   		문서가 로딩되어지면 배치서술자에서 root-context파일에 오는데 bean객체를 하나 생성했기때문에 메모리에 툭 올라온다. -->
      <property name="driverClassName" value="oracle.jdbc.driver.OracleDriver" />
      <property name="url" value="jdbc:oracle:thin:@localhost:1521:xe" />
      <property name="username" value="foodie" />
      <property name="password" value="cclass" />
   </bean> 


   <!-- ==== #15. myBatis(JDBC)설정 mapper 파일 위치 지정하기  ==== -->
   <!-- mapper 파일이란 sql 문을 가지고 있는 xml 파일을 말한다. -->
   <bean id="sqlSessionFactory" class="org.mybatis.spring.SqlSessionFactoryBean">
      <property name="mapperLocations" value="classpath*:com/spring/foodie/mapper/*.xml" />
      												   <!-- => SQL문은 이곳에 있는 것이다. -->
      <property name="dataSource" ref="dataSource"/>
   </bean>
      
   <!-- ==== #15. myBatis(JDBC)설정 sqlSessionTemplate 의존 객체 설정 ==== -->
   <bean id="sqlsession" class="org.mybatis.spring.SqlSessionTemplate"> <!-- BoardDAO에 있는 abc를 말하는 것이다. -->
      <constructor-arg index="0" ref="sqlSessionFactory" />
   </bean>  
   
   
   
 

   <!-- ==== 상대방 (원격DB) 오라클 서버에 연결 시작  ==== -->
   
  <!--  
   <bean id="dataSource2" class="org.apache.commons.dbcp.BasicDataSource">
      <property name="driverClassName" value="oracle.jdbc.driver.OracleDriver" />
      <property name="url" value="jdbc:oracle:thin:@211.238.142.89:1521:xe" />
      <property name="username" value="logitech" />
      <property name="password" value="cclass" />
   </bean>   -->	
		
	 <!-- ==== #15. myBatis(JDBC)설정 mapper 파일 위치 지정하기  ==== -->
   <!-- mapper 파일이란 sql 문을 가지고 있는 xml 파일을 말한다. -->	
<!-- 	 <bean id="sqlSessionFactory2" class="org.mybatis.spring.SqlSessionFactoryBean">
      <property name="mapperLocations" value="classpath*:com/spring/foodie/mapper/*.xml" />
      												   => SQL문은 이곳에 있는 것이다.
      <property name="dataSource" ref="dataSource2"/>
   	</bean>	
   
   ==== #15. myBatis(JDBC)설정 sqlSessionTemplate 의존 객체 설정 ====
   <bean id="sqlsession2" class="org.mybatis.spring.SqlSessionTemplate"> BoardDAO에 있는 abc를 말하는 것이다.
      <constructor-arg index="0" ref="sqlSessionFactory2" />
   </bean>  -->
   
   
   
   
   
   
   
   <!-- ==== 로컬 오라클 서버의 HR에 연결 시작  ==== -->
   
   
   <!-- bean id="dataSource3" class="org.apache.commons.dbcp.BasicDataSource">
      <property name="driverClassName" value="oracle.jdbc.driver.OracleDriver" />
      <property name="url" value="jdbc:oracle:thin:@localhost:1521:xe" />
      <property name="username" value="hr" />
      <property name="password" value="cclass" />
   </bean>  	
		
	 ==== #15. myBatis(JDBC)설정 mapper 파일 위치 지정하기  ====
   mapper 파일이란 sql 문을 가지고 있는 xml 파일을 말한다.	
	 <bean id="sqlSessionFactory3" class="org.mybatis.spring.SqlSessionFactoryBean">
      <property name="mapperLocations" value="classpath*:com/spring/foodie/mapper/*.xml" />
      												   => SQL문은 이곳에 있는 것이다.
      <property name="dataSource" ref="dataSource3"/>
   	</bean>	
   
   ==== #15. myBatis(JDBC)설정 sqlSessionTemplate 의존 객체 설정 ====
   <bean id="sqlsession3" class="org.mybatis.spring.SqlSessionTemplate"> BoardDAO에 있는 abc를 말하는 것이다.
      <constructor-arg index="0" ref="sqlSessionFactory3" />
   </bean> 
    -->
   
   
   
   
   
   <!-- ==== #16. 트랜잭션 처리를 위해서 아래와 같이 트랜잭션매니저 객체를 bean 으로 등록해야 한다. ==== -->
   <bean id="transactionManager" class="org.springframework.jdbc.datasource.DataSourceTransactionManager">
      <property name="dataSource" ref="dataSource" />
   </bean>
   <tx:annotation-driven transaction-manager="transactionManager" />
      
   <!-- ==== #17. jackson 과 관련된 기능을 사용하기 위해 빈을 등록한다. ==== -->
   <bean id="jacksonMessageConverter" class="org.springframework.http.converter.json.MappingJackson2HttpMessageConverter"/>
   
   
   
</beans>
